{
  "dataset_id": "FD003",
  "training_batch": "colab-20260602T142729Z",
  "winner": "gbm",
  "skip_lstm": false,
  "skip_cox": false,
  "gbm_max_train_rows": 250000,
  "anomaly_max_train_rows": 100000,
  "val_metrics": {
    "rf": {
      "rmse": 15.553724534108575,
      "mae": 11.822696755415837,
      "rul_score": 4.394351654089276
    },
    "gbm": {
      "rmse": 15.071056136459458,
      "mae": 11.380330780706503,
      "rul_score": 4.017574935714919
    },
    "lstm": {
      "rmse": 25.853492424274414,
      "mae": 20.584737295200746,
      "rul_score": 11.221688382035081
    },
    "cox": {
      "rmse": 296.06249340299763,
      "mae": 284.8,
      "rul_score": 679196637930486.1
    }
  },
  "cox_val_metrics": {
    "rmse": 296.06249340299763,
    "mae": 284.8,
    "rul_score": 679196637930486.1,
    "concordance": 0.821572205665472
  },
  "cox_test_metrics": {
    "rmse": 295.1269557326135,
    "mae": 285.28,
    "rul_score": 2897175369181576.5
  },
  "registered_models": {},
  "test_metrics": {
    "rmse": 22.476013439970888,
    "mae": 17.144634846961832,
    "rul_score": 9.07132167281737
  },
  "failure_clf_val_metrics": {
    "failure_30": {
      "eval_protocol": "val_non_terminal_cycles",
      "n_samples": 2480,
      "n_positive": 600,
      "n_negative": 1880,
      "accuracy": 0.9495967741935484,
      "f1": 0.8952221290863369,
      "precision": 0.9005059021922428,
      "recall": 0.89,
      "roc_auc": 0.9883413120567377
    },
    "failure_72": {
      "eval_protocol": "val_non_terminal_cycles",
      "n_samples": 2480,
      "n_positive": 1440,
      "n_negative": 1040,
      "accuracy": 0.8842741935483871,
      "f1": 0.8965019834114677,
      "precision": 0.932483120780195,
      "recall": 0.8631944444444445,
      "roc_auc": 0.9564830395299145
    }
  },
  "failure_clf_test_metrics": {
    "failure_30": {
      "eval_protocol": "test_last_cycle",
      "n_samples": 100,
      "n_positive": 20,
      "n_negative": 80,
      "accuracy": 0.88,
      "f1": 0.7692307692307693,
      "precision": 0.625,
      "recall": 1.0,
      "roc_auc": 0.9875
    },
    "failure_72": {
      "eval_protocol": "test_last_cycle",
      "n_samples": 100,
      "n_positive": 49,
      "n_negative": 51,
      "accuracy": 0.9,
      "f1": 0.8979591836734694,
      "precision": 0.8979591836734694,
      "recall": 0.8979591836734694,
      "roc_auc": 0.9755902360944377
    }
  },
  "anomaly_val_metrics": {
    "eval_protocol": "val_non_terminal_cycles",
    "n_samples": 2480,
    "mean_anomaly_score": 31.89340416197558,
    "pct_flagged": 0.20766129032258066,
    "degradation_roc_auc": 0.9346906028368795,
    "fit_train_rows": 7600.0,
    "fit_train_pct_flagged": 0.05
  },
  "anomaly_test_metrics": {
    "eval_protocol": "test_last_cycle",
    "n_samples": 100,
    "mean_anomaly_score": 29.322865054911862,
    "pct_flagged": 0.19,
    "degradation_roc_auc": 0.950625,
    "pct_iforest_flagged": 0.19
  },
  "predictions_path": "data/processed/cmapss_FD003_predictions.parquet",
  "train_units": 80,
  "val_units": 20
}