{
  "dataset_id": "FD004",
  "training_batch": "colab-20260602T142729Z",
  "winner": "gbm",
  "skip_lstm": false,
  "skip_cox": false,
  "gbm_max_train_rows": 250000,
  "anomaly_max_train_rows": 100000,
  "val_metrics": {
    "rf": {
      "rmse": 27.579160341798463,
      "mae": 21.89994335428926,
      "rul_score": 37.47005008162564
    },
    "gbm": {
      "rmse": 26.314167725338557,
      "mae": 21.295700678272173,
      "rul_score": 24.215072813138086
    },
    "lstm": {
      "rmse": 72.02430145443967,
      "mae": 62.5,
      "rul_score": 1511.1266288074037
    },
    "cox": {
      "rmse": 312.44010038170615,
      "mae": 303.14285714285717,
      "rul_score": 4.203691996196314e+16
    }
  },
  "cox_val_metrics": {
    "rmse": 312.44010038170615,
    "mae": 303.14285714285717,
    "rul_score": 4.203691996196314e+16,
    "concordance": 0.49623846575725594
  },
  "cox_test_metrics": {
    "rmse": 310.6403051658757,
    "mae": 298.9556451612903,
    "rul_score": 3.143701660590975e+16
  },
  "registered_models": {},
  "test_metrics": {
    "rmse": 32.772701887991595,
    "mae": 27.59001586492218,
    "rul_score": 40.6915706819643
  },
  "failure_clf_val_metrics": {
    "failure_30": {
      "eval_protocol": "val_non_terminal_cycles",
      "n_samples": 6076,
      "n_positive": 1470,
      "n_negative": 4606,
      "accuracy": 0.8331138907175774,
      "f1": 0.676038338658147,
      "precision": 0.6373493975903615,
      "recall": 0.7197278911564626,
      "roc_auc": 0.8723926348654963
    },
    "failure_72": {
      "eval_protocol": "val_non_terminal_cycles",
      "n_samples": 6076,
      "n_positive": 3528,
      "n_negative": 2548,
      "accuracy": 0.7633311389071757,
      "f1": 0.7831724969843185,
      "precision": 0.8366623711340206,
      "recall": 0.7361111111111112,
      "roc_auc": 0.8312257824375172
    }
  },
  "failure_clf_test_metrics": {
    "failure_30": {
      "eval_protocol": "test_last_cycle",
      "n_samples": 248,
      "n_positive": 53,
      "n_negative": 195,
      "accuracy": 0.8790322580645161,
      "f1": 0.75,
      "precision": 0.6716417910447762,
      "recall": 0.8490566037735849,
      "roc_auc": 0.9138848572810837
    },
    "failure_72": {
      "eval_protocol": "test_last_cycle",
      "n_samples": 248,
      "n_positive": 101,
      "n_negative": 147,
      "accuracy": 0.7862903225806451,
      "f1": 0.7557603686635944,
      "precision": 0.7068965517241379,
      "recall": 0.8118811881188119,
      "roc_auc": 0.8465009766282751
    }
  },
  "anomaly_val_metrics": {
    "eval_protocol": "val_non_terminal_cycles",
    "n_samples": 6076,
    "mean_anomaly_score": 13.980241613492499,
    "pct_flagged": 0.048880842659644506,
    "degradation_roc_auc": 0.574951778366579,
    "fit_train_rows": 19000.0,
    "fit_train_pct_flagged": 0.05
  },
  "anomaly_test_metrics": {
    "eval_protocol": "test_last_cycle",
    "n_samples": 248,
    "mean_anomaly_score": 10.324728904622479,
    "pct_flagged": 0.020161290322580645,
    "degradation_roc_auc": 0.6078374455732947,
    "pct_iforest_flagged": 0.012096774193548387
  },
  "predictions_path": "data/processed/cmapss_FD004_predictions.parquet",
  "train_units": 200,
  "val_units": 49
}